START TRANSACTION;

TRUNCATE TABLE `tip_radnje`;
INSERT INTO `tip_radnje` (`id_tip`, `naziv`) VALUES(1, 'prijava/odjava');
INSERT INTO `tip_radnje` (`id_tip`, `naziv`) VALUES(2, 'rad s bazom');
INSERT INTO `tip_radnje` (`id_tip`, `naziv`) VALUES(3, 'ostale radnje');

TRUNCATE TABLE `uloga`;
INSERT INTO `uloga` (`id_uloga`, `naziv`) VALUES(1, 'Administrator');
INSERT INTO `uloga` (`id_uloga`, `naziv`) VALUES(2, 'Moderator');
INSERT INTO `uloga` (`id_uloga`, `naziv`) VALUES(3, 'Registrirani korisnik');
INSERT INTO `uloga` (`id_uloga`, `naziv`) VALUES(4, 'Neregistrirani korisnik');

TRUNCATE TABLE `vrsta_materijala`;
INSERT INTO `vrsta_materijala` (`id_vrsta_materijala`, `naziv`, `opis`, `upute_za_upload`, `ekstenzija`, `najveca_velicina_mb`) VALUES(1, 'Fotografija', 'Fotografija materijal.', 'Uploadati.', '.jpg, .jpeg', 4);
INSERT INTO `vrsta_materijala` (`id_vrsta_materijala`, `naziv`, `opis`, `upute_za_upload`, `ekstenzija`, `najveca_velicina_mb`) VALUES(2, 'Video', 'Video materijal.', 'Uploadati.', '.mp4', 64);
INSERT INTO `vrsta_materijala` (`id_vrsta_materijala`, `naziv`, `opis`, `upute_za_upload`, `ekstenzija`, `najveca_velicina_mb`) VALUES(3, 'Audio', 'Audio materijal.', 'Uploadati.', '.mp3', 1);

TRUNCATE TABLE `status_stete`;
INSERT INTO `status_stete` (`id_status_stete`, `naziv`) VALUES(1, 'obrada');
INSERT INTO `status_stete` (`id_status_stete`, `naziv`) VALUES(2, 'prihvaćeno');
INSERT INTO `status_stete` (`id_status_stete`, `naziv`) VALUES(3, 'odbijeno');

TRUNCATE TABLE `kategorija_stete`;
INSERT INTO `kategorija_stete` (`id_kategorija_stete`, `naziv`, `opis`, `kolicina_prijava`, `kolicina_javnih_poziva`, `ilustracija`) VALUES(1, 'Oluja', 'Gromovi mogu spaliti osigurače, električne uređaje itd. Šteta je još gora kada se posjed zapali uslijed udara groma.', 1, 1, 'storm.jpg');
INSERT INTO `kategorija_stete` (`id_kategorija_stete`, `naziv`, `opis`, `kolicina_prijava`, `kolicina_javnih_poziva`, `ilustracija`) VALUES(2, 'Poplava', 'Nema načina zaštite spremišta ispod prizemne razine od poplava. PVC stolarija, metalna vrata, ništa ne zaustavlja prodor vode pred ogromnim pritiskom. Voda uništi sav namještaj od ivice, električne uređaje. U dodiru s otvorenim instalacijama može doći i do požara.', 3, 1, 'flood.jpg');
INSERT INTO `kategorija_stete` (`id_kategorija_stete`, `naziv`, `opis`, `kolicina_prijava`, `kolicina_javnih_poziva`, `ilustracija`) VALUES(3, 'Požar', 'Sama pomisao na požare utiskuju strah u kosti. Eksplozija cijevi od plina uslijed malene pukotine može se dogoditi bilo kome. Vatra najčešće uništi susjedne posjede, stanove itd.', 0, 0, 'arson.jpg');
INSERT INTO `kategorija_stete` (`id_kategorija_stete`, `naziv`, `opis`, `kolicina_prijava`, `kolicina_javnih_poziva`, `ilustracija`) VALUES(4, 'Potres', 'Instiktivan strah koje potresi uzrokuju rijetki mogu izdržati, a strah se duboko urezuje u kosti. Kao da to nije dovoljno, na starijim građevinama potresi uzrokuju katastrofalnu infrastrukturnu štetu koju je teško i skupo sanirati.', 2, 1, 'earthquake.jpg');
INSERT INTO `kategorija_stete` (`id_kategorija_stete`, `naziv`, `opis`, `kolicina_prijava`, `kolicina_javnih_poziva`, `ilustracija`) VALUES(5, 'Krađa', 'Nekada se čovjek trudi, radi svoj posao pošteno, samo da bi uočio obijenu bravu na kućnim vratima. Ponekad štete nastale krađom budu kobne i ljudi izgube svo bogatstvo što su imali.', 2, 1, 'theft.jpg');
INSERT INTO `kategorija_stete` (`id_kategorija_stete`, `naziv`, `opis`, `kolicina_prijava`, `kolicina_javnih_poziva`, `ilustracija`) VALUES(6, 'Posljedice rata', 'Već je 30 godina od rata, no štete nastale razaranjima i pljačkom i dan danas nisu kompenzirane.', 1, 1, 'war.jpg');

TRUNCATE TABLE `dokazni_materijali`;
INSERT INTO `dokazni_materijali` (`id_materijala`, `putanja_disk`, `naziv`, `datum_postavljanja`, `opaska`, `id_vrsta_materijala`) VALUES(1, 'wall.jpg', 'Primjer dokaza 1', '2021-04-13 14:57:10', 'Pogledati gornji desni kut.', 1);
INSERT INTO `dokazni_materijali` (`id_materijala`, `putanja_disk`, `naziv`, `datum_postavljanja`, `opaska`, `id_vrsta_materijala`) VALUES(2, 'požar.jpg', 'požar.jpg', '2021-05-23 19:36:08', NULL, 1);
INSERT INTO `dokazni_materijali` (`id_materijala`, `putanja_disk`, `naziv`, `datum_postavljanja`, `opaska`, `id_vrsta_materijala`) VALUES(27, 'oluja.jpg', 'oluja.jpg', '2021-05-23 19:40:35', NULL, 1);
INSERT INTO `dokazni_materijali` (`id_materijala`, `putanja_disk`, `naziv`, `datum_postavljanja`, `opaska`, `id_vrsta_materijala`) VALUES(28, 'potres.jpg', 'potres.jpg', '2021-05-23 19:41:37', NULL, 1);
INSERT INTO `dokazni_materijali` (`id_materijala`, `putanja_disk`, `naziv`, `datum_postavljanja`, `opaska`, `id_vrsta_materijala`) VALUES(29, 'krađa.jpg', 'krađa.jpg', '2021-05-23 19:43:09', NULL, 1);
INSERT INTO `dokazni_materijali` (`id_materijala`, `putanja_disk`, `naziv`, `datum_postavljanja`, `opaska`, `id_vrsta_materijala`) VALUES(30, 'potres.jpg', 'potres.jpg', '2021-05-23 20:28:19', NULL, 1);
INSERT INTO `dokazni_materijali` (`id_materijala`, `putanja_disk`, `naziv`, `datum_postavljanja`, `opaska`, `id_vrsta_materijala`) VALUES(31, 'poplava_kuca.jpg', 'oluja.jpg', '2021-05-23 20:37:16', NULL, 1);
INSERT INTO `dokazni_materijali` (`id_materijala`, `putanja_disk`, `naziv`, `datum_postavljanja`, `opaska`, `id_vrsta_materijala`) VALUES(32, 'poplava_kuca.jpg', 'poplava_kuca.jpg', '2021-05-24 16:50:14', NULL, 1);
INSERT INTO `dokazni_materijali` (`id_materijala`, `putanja_disk`, `naziv`, `datum_postavljanja`, `opaska`, `id_vrsta_materijala`) VALUES(33, 'poplava_kuca.jpg', 'poplava_kuca.jpg', '2021-05-24 16:50:45', NULL, 1);
INSERT INTO `dokazni_materijali` (`id_materijala`, `putanja_disk`, `naziv`, `datum_postavljanja`, `opaska`, `id_vrsta_materijala`) VALUES(34, 'kuća_gori.jpg', 'kuća_gori.jpg', '2021-05-24 19:22:08', NULL, 1);
INSERT INTO `dokazni_materijali` (`id_materijala`, `putanja_disk`, `naziv`, `datum_postavljanja`, `opaska`, `id_vrsta_materijala`) VALUES(35, 'wall.jpg', 'krađa.jpg', '2021-05-24 20:34:27', NULL, 1);

TRUNCATE TABLE `kategorija_stete`;
INSERT INTO `kategorija_stete` (`id_kategorija_stete`, `naziv`, `opis`, `kolicina_prijava`, `kolicina_javnih_poziva`, `ilustracija`) VALUES(1, 'Oluja', 'Gromovi mogu spaliti osigurače, električne uređaje itd. Šteta je još gora kada se posjed zapali uslijed udara groma.', 1, 1, 'storm.jpg');
INSERT INTO `kategorija_stete` (`id_kategorija_stete`, `naziv`, `opis`, `kolicina_prijava`, `kolicina_javnih_poziva`, `ilustracija`) VALUES(2, 'Poplava', 'Nema načina zaštite spremišta ispod prizemne razine od poplava. PVC stolarija, metalna vrata, ništa ne zaustavlja prodor vode pred ogromnim pritiskom. Voda uništi sav namještaj od ivice, električne uređaje. U dodiru s otvorenim instalacijama može doći i do požara.', 3, 1, 'flood.jpg');
INSERT INTO `kategorija_stete` (`id_kategorija_stete`, `naziv`, `opis`, `kolicina_prijava`, `kolicina_javnih_poziva`, `ilustracija`) VALUES(3, 'Požar', 'Sama pomisao na požare utiskuju strah u kosti. Eksplozija cijevi od plina uslijed malene pukotine može se dogoditi bilo kome. Vatra najčešće uništi susjedne posjede, stanove itd.', 0, 0, 'arson.jpg');
INSERT INTO `kategorija_stete` (`id_kategorija_stete`, `naziv`, `opis`, `kolicina_prijava`, `kolicina_javnih_poziva`, `ilustracija`) VALUES(4, 'Potres', 'Instiktivan strah koje potresi uzrokuju rijetki mogu izdržati, a strah se duboko urezuje u kosti. Kao da to nije dovoljno, na starijim građevinama potresi uzrokuju katastrofalnu infrastrukturnu štetu koju je teško i skupo sanirati.', 2, 1, 'earthquake.jpg');
INSERT INTO `kategorija_stete` (`id_kategorija_stete`, `naziv`, `opis`, `kolicina_prijava`, `kolicina_javnih_poziva`, `ilustracija`) VALUES(5, 'Krađa', 'Nekada se čovjek trudi, radi svoj posao pošteno, samo da bi uočio obijenu bravu na kućnim vratima. Ponekad štete nastale krađom budu kobne i ljudi izgube svo bogatstvo što su imali.', 2, 1, 'theft.jpg');
INSERT INTO `kategorija_stete` (`id_kategorija_stete`, `naziv`, `opis`, `kolicina_prijava`, `kolicina_javnih_poziva`, `ilustracija`) VALUES(6, 'Posljedice rata', 'Već je 30 godina od rata, no štete nastale razaranjima i pljačkom i dan danas nisu kompenzirane.', 1, 1, 'war.jpg');

TRUNCATE TABLE `korisnik`;
INSERT INTO `korisnik` (`id_korisnik`, `ime`, `prezime`, `korisnicko_ime`, `email`, `lozinka_citljiva`, `lozinka_sha256`, `uvjeti`, `datum_registracije`, `status_blokade`, `broj_neuspjesnih_prijava`, `id_uloga`) VALUES(1, 'Mislav', 'Matijević', 'mmatijevi', 'mmatijevi@foi.hr', 'test1', '1b4f0e9851971998e732078544c96b36c3d01cedf7caa332359d6f1d83567014', '2021-06-04 21:56:43', '2021-04-13 12:33:51', NULL, NULL, 1);
INSERT INTO `korisnik` (`id_korisnik`, `ime`, `prezime`, `korisnicko_ime`, `email`, `lozinka_citljiva`, `lozinka_sha256`, `uvjeti`, `datum_registracije`, `status_blokade`, `broj_neuspjesnih_prijava`, `id_uloga`) VALUES(2, 'Ana', 'Anić', 'aanic2', 'aanic@foi.hr', 'anica2', '8d58152608756c9a966cc6b529806fd4465b4ccf442b481673e957fafe8684a2', '2021-06-06 19:18:00', '2021-04-03 21:29:42', NULL, NULL, 2);
INSERT INTO `korisnik` (`id_korisnik`, `ime`, `prezime`, `korisnicko_ime`, `email`, `lozinka_citljiva`, `lozinka_sha256`, `uvjeti`, `datum_registracije`, `status_blokade`, `broj_neuspjesnih_prijava`, `id_uloga`) VALUES(3, 'Goran', 'Gorić', 'ggoric', 'ggoric@foi.hr', 'goran2', '06480f0f268fe094bef54826f9aa64f6a6b1df8f3cf95181c3673c4b4f6fe827', NULL, '2021-04-12 01:19:30', NULL, NULL, 2);
INSERT INTO `korisnik` (`id_korisnik`, `ime`, `prezime`, `korisnicko_ime`, `email`, `lozinka_citljiva`, `lozinka_sha256`, `uvjeti`, `datum_registracije`, `status_blokade`, `broj_neuspjesnih_prijava`, `id_uloga`) VALUES(4, 'Mirko', 'Mirkić', 'mmirkic', 'mmirkic@foi.hr', 'dinamo2', 'a0f9f9f2f5567113d6b9783a84d3b2a813c9a1c15299aefa363f4b7740be1494', NULL, '2021-04-08 13:33:17', NULL, NULL, 2);
INSERT INTO `korisnik` (`id_korisnik`, `ime`, `prezime`, `korisnicko_ime`, `email`, `lozinka_citljiva`, `lozinka_sha256`, `uvjeti`, `datum_registracije`, `status_blokade`, `broj_neuspjesnih_prijava`, `id_uloga`) VALUES(5, 'Matej', 'Matijač', 'mmatijac3', 'mmatijac@foi.hr', 'matejftw3', 'e47c91ee2668da296be81c23ced5a85ddf1246a0bafc08765af7689fe755537e', '2021-06-06 19:18:00', '2021-04-09 04:11:07', NULL, NULL, 3);
INSERT INTO `korisnik` (`id_korisnik`, `ime`, `prezime`, `korisnicko_ime`, `email`, `lozinka_citljiva`, `lozinka_sha256`, `uvjeti`, `datum_registracije`, `status_blokade`, `broj_neuspjesnih_prijava`, `id_uloga`) VALUES(6, 'Željko', 'Željkić', 'zzeljkic', 'zzeljkic@foi.hr', 'kamion3', '080433177e2304bca06e06f4404bd2eb531f2659a2b704c9f6eb9fb1b93bb85a', NULL, '2021-04-10 01:10:06', NULL, NULL, 3);
INSERT INTO `korisnik` (`id_korisnik`, `ime`, `prezime`, `korisnicko_ime`, `email`, `lozinka_citljiva`, `lozinka_sha256`, `uvjeti`, `datum_registracije`, `status_blokade`, `broj_neuspjesnih_prijava`, `id_uloga`) VALUES(7, 'Maja', 'Majajić', 'mmajajic', 'mmajajic@foi.hr', 'barbie3', '8b79893ae14b2d3bf23e382380e71a0791f2d3b335bd82635256696f7012bc51', NULL, '2021-04-11 07:12:44', NULL, NULL, 3);
INSERT INTO `korisnik` (`id_korisnik`, `ime`, `prezime`, `korisnicko_ime`, `email`, `lozinka_citljiva`, `lozinka_sha256`, `uvjeti`, `datum_registracije`, `status_blokade`, `broj_neuspjesnih_prijava`, `id_uloga`) VALUES(8, 'Zera', 'Hudžibufić', 'zhudzibufic', 'zhudzibufic@foi.hr', 'zera3', '2e74147cc2e4424916034268d123770a1d0634cd6f2fef2ce78e9b0f3e0b1d17', NULL, '2021-04-12 08:29:31', NULL, NULL, 3);
INSERT INTO `korisnik` (`id_korisnik`, `ime`, `prezime`, `korisnicko_ime`, `email`, `lozinka_citljiva`, `lozinka_sha256`, `uvjeti`, `datum_registracije`, `status_blokade`, `broj_neuspjesnih_prijava`, `id_uloga`) VALUES(9, 'Garo', 'Garavi', 'ggaravi', 'ggaravi@foi.hr', 'crnac3', '66ef69e3bab8ffe14eec89d228f0b1b7d4483e46d0f12990bed5eb99190e11da', NULL, '2021-04-13 00:11:08', NULL, NULL, 3);
INSERT INTO `korisnik` (`id_korisnik`, `ime`, `prezime`, `korisnicko_ime`, `email`, `lozinka_citljiva`, `lozinka_sha256`, `uvjeti`, `datum_registracije`, `status_blokade`, `broj_neuspjesnih_prijava`, `id_uloga`) VALUES(10, 'Ana', 'Prekrasna', 'aprekrasna4', 'aprekrasna@foi.hr', 'beuty4', '8eabcebc63234997f9fe253ab554ac3c9e2366fd53b5dcb9b8bb61a425500a31', NULL, '2021-04-13 12:39:30', NULL, NULL, 4);
INSERT INTO `korisnik` (`id_korisnik`, `ime`, `prezime`, `korisnicko_ime`, `email`, `lozinka_citljiva`, `lozinka_sha256`, `uvjeti`, `datum_registracije`, `status_blokade`, `broj_neuspjesnih_prijava`, `id_uloga`) VALUES(11, 'ime', 'prezime', 'korime', 'email', 'lozinka', 'lozinka_sha256', NULL, '2021-05-23 22:40:36', NULL, NULL, 3);
INSERT INTO `korisnik` (`id_korisnik`, `ime`, `prezime`, `korisnicko_ime`, `email`, `lozinka_citljiva`, `lozinka_sha256`, `uvjeti`, `datum_registracije`, `status_blokade`, `broj_neuspjesnih_prijava`, `id_uloga`) VALUES(12, 'Mario', 'Nižić', 'mnizic', 'mnizic@email.co', 'test1', '1b4f0e9851971998e732078544c96b36c3d01cedf7caa332359d6f1d83567014', NULL, '2021-05-23 22:54:51', NULL, NULL, 3);
INSERT INTO `korisnik` (`id_korisnik`, `ime`, `prezime`, `korisnicko_ime`, `email`, `lozinka_citljiva`, `lozinka_sha256`, `uvjeti`, `datum_registracije`, `status_blokade`, `broj_neuspjesnih_prijava`, `id_uloga`) VALUES(13, 'Anton', 'Lovrić', 'alovric', 'alovric@mail', 'test3', 'fd61a03af4f77d870fc21e05e7e80678095c92d808cfb3b5c279ee04c74aca13', NULL, '2021-05-23 23:05:07', NULL, NULL, 3);
INSERT INTO `korisnik` (`id_korisnik`, `ime`, `prezime`, `korisnicko_ime`, `email`, `lozinka_citljiva`, `lozinka_sha256`, `uvjeti`, `datum_registracije`, `status_blokade`, `broj_neuspjesnih_prijava`, `id_uloga`) VALUES(14, 'Mateo', 'Mustać', 'mmustac', 'mmustac@web.com', 'test3', 'fd61a03af4f77d870fc21e05e7e80678095c92d808cfb3b5c279ee04c74aca13', NULL, '2021-05-23 23:09:15', NULL, NULL, 3);
INSERT INTO `korisnik` (`id_korisnik`, `ime`, `prezime`, `korisnicko_ime`, `email`, `lozinka_citljiva`, `lozinka_sha256`, `uvjeti`, `datum_registracije`, `status_blokade`, `broj_neuspjesnih_prijava`, `id_uloga`) VALUES(15, '', '', 'kd', 'kevin@mail.com', 'test3', 'fd61a03af4f77d870fc21e05e7e80678095c92d808cfb3b5c279ee04c74aca13', NULL, '2021-05-23 23:10:12', NULL, NULL, 3);
INSERT INTO `korisnik` (`id_korisnik`, `ime`, `prezime`, `korisnicko_ime`, `email`, `lozinka_citljiva`, `lozinka_sha256`, `uvjeti`, `datum_registracije`, `status_blokade`, `broj_neuspjesnih_prijava`, `id_uloga`) VALUES(16, '', '', 'bezimeni', 'bezimeni@bezimenjak.com', 'test3', 'fd61a03af4f77d870fc21e05e7e80678095c92d808cfb3b5c279ee04c74aca13', NULL, '2021-05-23 23:12:15', NULL, NULL, 3);
INSERT INTO `korisnik` (`id_korisnik`, `ime`, `prezime`, `korisnicko_ime`, `email`, `lozinka_citljiva`, `lozinka_sha256`, `uvjeti`, `datum_registracije`, `status_blokade`, `broj_neuspjesnih_prijava`, `id_uloga`) VALUES(17, 'Ivan', 'Blažek', 'iblazek', 'iblazek@web.cc', 'test3', 'fd61a03af4f77d870fc21e05e7e80678095c92d808cfb3b5c279ee04c74aca13', NULL, '2021-05-23 23:24:56', NULL, NULL, 3);
INSERT INTO `korisnik` (`id_korisnik`, `ime`, `prezime`, `korisnicko_ime`, `email`, `lozinka_citljiva`, `lozinka_sha256`, `uvjeti`, `datum_registracije`, `status_blokade`, `broj_neuspjesnih_prijava`, `id_uloga`) VALUES(18, '', '', 'nemamime', 'nemam@ime.cc', 'test1', '1b4f0e9851971998e732078544c96b36c3d01cedf7caa332359d6f1d83567014', NULL, '2021-05-23 23:25:21', NULL, NULL, 3);
INSERT INTO `korisnik` (`id_korisnik`, `ime`, `prezime`, `korisnicko_ime`, `email`, `lozinka_citljiva`, `lozinka_sha256`, `uvjeti`, `datum_registracije`, `status_blokade`, `broj_neuspjesnih_prijava`, `id_uloga`) VALUES(19, 'Brko', 'Brkić', 'Brkan', 'brkanda@brk.cc', 'test1', '1b4f0e9851971998e732078544c96b36c3d01cedf7caa332359d6f1d83567014', NULL, '2021-05-24 01:29:27', NULL, NULL, 3);
INSERT INTO `korisnik` (`id_korisnik`, `ime`, `prezime`, `korisnicko_ime`, `email`, `lozinka_citljiva`, `lozinka_sha256`, `uvjeti`, `datum_registracije`, `status_blokade`, `broj_neuspjesnih_prijava`, `id_uloga`) VALUES(20, '', 'Nemamimenčić', 'noname', 'noname@noname.com', 'noname1', 'feacbb61648b0afa5921e518e31165c75588a3604005ed447021c359b6a2996e', NULL, '2021-05-24 19:32:33', NULL, NULL, 3);
INSERT INTO `korisnik` (`id_korisnik`, `ime`, `prezime`, `korisnicko_ime`, `email`, `lozinka_citljiva`, `lozinka_sha256`, `uvjeti`, `datum_registracije`, `status_blokade`, `broj_neuspjesnih_prijava`, `id_uloga`) VALUES(21, 'matnovak', 'matnovak', 'matnovak', 'matnovak@foi.hr', 'matnovak1', '71f5bd33dfccf179969ac43b29bd8771522d90af7567a1be85cae567465516e5', NULL, '2021-05-28 13:57:11', NULL, NULL, 3);
INSERT INTO `korisnik` (`id_korisnik`, `ime`, `prezime`, `korisnicko_ime`, `email`, `lozinka_citljiva`, `lozinka_sha256`, `uvjeti`, `datum_registracije`, `status_blokade`, `broj_neuspjesnih_prijava`, `id_uloga`) VALUES(22, '<script>alert()</script>', 'testerBarka', '<br>', 'Upold1937@einrot.com', 'testerBarka2', '25ab3dc56de1c59cfcccdff9b1e50602f3e971d5aa3148225afb2e436abb43b1', NULL, '2021-06-03 00:17:14', NULL, NULL, 3);
INSERT INTO `korisnik` (`id_korisnik`, `ime`, `prezime`, `korisnicko_ime`, `email`, `lozinka_citljiva`, `lozinka_sha256`, `uvjeti`, `datum_registracije`, `status_blokade`, `broj_neuspjesnih_prijava`, `id_uloga`) VALUES(23, 'testerBarka', 'testerBarka', 'testerBarka', 'Upold1937@einrot.com', 'testerBarka2', '25ab3dc56de1c59cfcccdff9b1e50602f3e971d5aa3148225afb2e436abb43b1', NULL, '2021-06-03 00:21:58', NULL, NULL, 3);
INSERT INTO `korisnik` (`id_korisnik`, `ime`, `prezime`, `korisnicko_ime`, `email`, `lozinka_citljiva`, `lozinka_sha256`, `uvjeti`, `datum_registracije`, `status_blokade`, `broj_neuspjesnih_prijava`, `id_uloga`) VALUES(24, 'testerBarka', 'testerBarka', 'testerBarka', 'bixi36@gmail.com', 'testerBarka2', '25ab3dc56de1c59cfcccdff9b1e50602f3e971d5aa3148225afb2e436abb43b1', NULL, '2021-06-03 00:22:11', NULL, NULL, 3);
INSERT INTO `korisnik` (`id_korisnik`, `ime`, `prezime`, `korisnicko_ime`, `email`, `lozinka_citljiva`, `lozinka_sha256`, `uvjeti`, `datum_registracije`, `status_blokade`, `broj_neuspjesnih_prijava`, `id_uloga`) VALUES(25, 'testerBarka', 'testerBarka', 'testerBarka', 'bixi36@gmail.com', 'testerBarka2', '25ab3dc56de1c59cfcccdff9b1e50602f3e971d5aa3148225afb2e436abb43b1', NULL, '2021-06-03 00:25:20', NULL, NULL, 3);
INSERT INTO `korisnik` (`id_korisnik`, `ime`, `prezime`, `korisnicko_ime`, `email`, `lozinka_citljiva`, `lozinka_sha256`, `uvjeti`, `datum_registracije`, `status_blokade`, `broj_neuspjesnih_prijava`, `id_uloga`) VALUES(26, 'testerBarka', 'testerBarka', 'testerBarka', 'bixi36@gmail.com', 'testerBarka2', '25ab3dc56de1c59cfcccdff9b1e50602f3e971d5aa3148225afb2e436abb43b1', NULL, '2021-06-03 00:39:40', NULL, NULL, 3);
INSERT INTO `korisnik` (`id_korisnik`, `ime`, `prezime`, `korisnicko_ime`, `email`, `lozinka_citljiva`, `lozinka_sha256`, `uvjeti`, `datum_registracije`, `status_blokade`, `broj_neuspjesnih_prijava`, `id_uloga`) VALUES(27, 'testerBarka', 'testerBarka', 'testerBarka', 'bixi36@gmail.com', 'testerBarka2', '25ab3dc56de1c59cfcccdff9b1e50602f3e971d5aa3148225afb2e436abb43b1', NULL, '2021-06-03 00:40:28', NULL, NULL, 3);
INSERT INTO `korisnik` (`id_korisnik`, `ime`, `prezime`, `korisnicko_ime`, `email`, `lozinka_citljiva`, `lozinka_sha256`, `uvjeti`, `datum_registracije`, `status_blokade`, `broj_neuspjesnih_prijava`, `id_uloga`) VALUES(28, 'testerBarka', 'testerBarka', 'testerBarka', 'bixi36@gmail.com', 'testerBarka2', '25ab3dc56de1c59cfcccdff9b1e50602f3e971d5aa3148225afb2e436abb43b1', NULL, '2021-06-03 00:40:43', NULL, NULL, 3);
INSERT INTO `korisnik` (`id_korisnik`, `ime`, `prezime`, `korisnicko_ime`, `email`, `lozinka_citljiva`, `lozinka_sha256`, `uvjeti`, `datum_registracije`, `status_blokade`, `broj_neuspjesnih_prijava`, `id_uloga`) VALUES(29, 'testerBarka', 'testerBarka', 'testerBarka', 'bixi36@gmail.com', 'testerBarka2', '25ab3dc56de1c59cfcccdff9b1e50602f3e971d5aa3148225afb2e436abb43b1', NULL, '2021-06-03 00:41:06', NULL, NULL, 3);
INSERT INTO `korisnik` (`id_korisnik`, `ime`, `prezime`, `korisnicko_ime`, `email`, `lozinka_citljiva`, `lozinka_sha256`, `uvjeti`, `datum_registracije`, `status_blokade`, `broj_neuspjesnih_prijava`, `id_uloga`) VALUES(30, 'testerBarka', 'testerBarka', 'testerBarka', 'bixi36@gmail.com', 'testerBarka2', '25ab3dc56de1c59cfcccdff9b1e50602f3e971d5aa3148225afb2e436abb43b1', NULL, '2021-06-03 00:41:19', NULL, NULL, 3);
INSERT INTO `korisnik` (`id_korisnik`, `ime`, `prezime`, `korisnicko_ime`, `email`, `lozinka_citljiva`, `lozinka_sha256`, `uvjeti`, `datum_registracije`, `status_blokade`, `broj_neuspjesnih_prijava`, `id_uloga`) VALUES(31, 'testerBarka', 'testerBarka', 'testerBarka', 'bixi36@gmail.com', 'testerBarka2', '25ab3dc56de1c59cfcccdff9b1e50602f3e971d5aa3148225afb2e436abb43b1', NULL, '2021-06-03 00:41:54', NULL, NULL, 3);
INSERT INTO `korisnik` (`id_korisnik`, `ime`, `prezime`, `korisnicko_ime`, `email`, `lozinka_citljiva`, `lozinka_sha256`, `uvjeti`, `datum_registracije`, `status_blokade`, `broj_neuspjesnih_prijava`, `id_uloga`) VALUES(32, 'testerBarka', 'testerBarka', 'testerBarka', 'bixi36@gmail.com', 'testerBarka2', '25ab3dc56de1c59cfcccdff9b1e50602f3e971d5aa3148225afb2e436abb43b1', NULL, '2021-06-03 00:42:19', NULL, NULL, 3);
INSERT INTO `korisnik` (`id_korisnik`, `ime`, `prezime`, `korisnicko_ime`, `email`, `lozinka_citljiva`, `lozinka_sha256`, `uvjeti`, `datum_registracije`, `status_blokade`, `broj_neuspjesnih_prijava`, `id_uloga`) VALUES(33, 'testerBarka', 'testerBarka', 'testerBarka', 'Upold1937@einrot.com', 'testerBarka2', '25ab3dc56de1c59cfcccdff9b1e50602f3e971d5aa3148225afb2e436abb43b1', NULL, '2021-06-03 00:43:43', NULL, NULL, 3);
INSERT INTO `korisnik` (`id_korisnik`, `ime`, `prezime`, `korisnicko_ime`, `email`, `lozinka_citljiva`, `lozinka_sha256`, `uvjeti`, `datum_registracije`, `status_blokade`, `broj_neuspjesnih_prijava`, `id_uloga`) VALUES(34, 'testerBarka', 'testerBarka', 'testerBarka', 'Upold1937@einrot.com', 'testerBarka2', '25ab3dc56de1c59cfcccdff9b1e50602f3e971d5aa3148225afb2e436abb43b1', NULL, '2021-06-03 00:44:04', NULL, NULL, 3);
INSERT INTO `korisnik` (`id_korisnik`, `ime`, `prezime`, `korisnicko_ime`, `email`, `lozinka_citljiva`, `lozinka_sha256`, `uvjeti`, `datum_registracije`, `status_blokade`, `broj_neuspjesnih_prijava`, `id_uloga`) VALUES(35, 'testerBarka', 'testerBarka', 'testerBarka', 'Upold1937@einrot.com', 'testerBarka2', '25ab3dc56de1c59cfcccdff9b1e50602f3e971d5aa3148225afb2e436abb43b1', NULL, '2021-06-03 00:46:50', NULL, NULL, 3);
INSERT INTO `korisnik` (`id_korisnik`, `ime`, `prezime`, `korisnicko_ime`, `email`, `lozinka_citljiva`, `lozinka_sha256`, `uvjeti`, `datum_registracije`, `status_blokade`, `broj_neuspjesnih_prijava`, `id_uloga`) VALUES(36, 'testerBarka', 'testerBarka', 'testerBarka', 'Upold1937@einrot.com', 'testerBarka2', '25ab3dc56de1c59cfcccdff9b1e50602f3e971d5aa3148225afb2e436abb43b1', NULL, '2021-06-03 00:49:04', NULL, NULL, 3);
INSERT INTO `korisnik` (`id_korisnik`, `ime`, `prezime`, `korisnicko_ime`, `email`, `lozinka_citljiva`, `lozinka_sha256`, `uvjeti`, `datum_registracije`, `status_blokade`, `broj_neuspjesnih_prijava`, `id_uloga`) VALUES(37, 'test1', 'test1', 'test1', 'bixi36@gmail.com', 'test1', '1b4f0e9851971998e732078544c96b36c3d01cedf7caa332359d6f1d83567014', NULL, '2021-06-03 00:51:01', NULL, NULL, 3);
INSERT INTO `korisnik` (`id_korisnik`, `ime`, `prezime`, `korisnicko_ime`, `email`, `lozinka_citljiva`, `lozinka_sha256`, `uvjeti`, `datum_registracije`, `status_blokade`, `broj_neuspjesnih_prijava`, `id_uloga`) VALUES(38, 'test1', 'test1', 'test1', 'bixi36@gmail.com', 'test1', '1b4f0e9851971998e732078544c96b36c3d01cedf7caa332359d6f1d83567014', '2021-06-03 00:52:40', '2021-06-03 00:52:38', NULL, NULL, 3);
INSERT INTO `korisnik` (`id_korisnik`, `ime`, `prezime`, `korisnicko_ime`, `email`, `lozinka_citljiva`, `lozinka_sha256`, `uvjeti`, `datum_registracije`, `status_blokade`, `broj_neuspjesnih_prijava`, `id_uloga`) VALUES(39, 'test1', 'test1', 'test1', 'bixi36@gmail.com', 'test1', '1b4f0e9851971998e732078544c96b36c3d01cedf7caa332359d6f1d83567014', NULL, '2021-06-03 00:52:47', NULL, NULL, 3);
INSERT INTO `korisnik` (`id_korisnik`, `ime`, `prezime`, `korisnicko_ime`, `email`, `lozinka_citljiva`, `lozinka_sha256`, `uvjeti`, `datum_registracije`, `status_blokade`, `broj_neuspjesnih_prijava`, `id_uloga`) VALUES(40, 'test1', 'test1', 'test1', 'upold1937@einrot.com', 'test1', '1b4f0e9851971998e732078544c96b36c3d01cedf7caa332359d6f1d83567014', NULL, '2021-06-03 00:53:50', NULL, NULL, 3);
INSERT INTO `korisnik` (`id_korisnik`, `ime`, `prezime`, `korisnicko_ime`, `email`, `lozinka_citljiva`, `lozinka_sha256`, `uvjeti`, `datum_registracije`, `status_blokade`, `broj_neuspjesnih_prijava`, `id_uloga`) VALUES(41, 'test1', 'test1', 'test1', 'tetabov565@revutap.com', 'test1', '1b4f0e9851971998e732078544c96b36c3d01cedf7caa332359d6f1d83567014', NULL, '2021-06-03 00:55:24', NULL, NULL, 3);
INSERT INTO `korisnik` (`id_korisnik`, `ime`, `prezime`, `korisnicko_ime`, `email`, `lozinka_citljiva`, `lozinka_sha256`, `uvjeti`, `datum_registracije`, `status_blokade`, `broj_neuspjesnih_prijava`, `id_uloga`) VALUES(42, 'Tetabov', 'Revot', 'teteabov', 'tetabov565@revutap.com', 'test1', '1b4f0e9851971998e732078544c96b36c3d01cedf7caa332359d6f1d83567014', '2021-06-03 08:19:17', '2021-06-03 08:18:46', NULL, NULL, 3);
INSERT INTO `korisnik` (`id_korisnik`, `ime`, `prezime`, `korisnicko_ime`, `email`, `lozinka_citljiva`, `lozinka_sha256`, `uvjeti`, `datum_registracije`, `status_blokade`, `broj_neuspjesnih_prijava`, `id_uloga`) VALUES(43, 'Tetabov', 'testerBarka', 'tetabbba', 'tetabov565@revutap.com', 'test1', '1b4f0e9851971998e732078544c96b36c3d01cedf7caa332359d6f1d83567014', NULL, '2021-06-03 12:29:03', NULL, NULL, 3);
INSERT INTO `korisnik` (`id_korisnik`, `ime`, `prezime`, `korisnicko_ime`, `email`, `lozinka_citljiva`, `lozinka_sha256`, `uvjeti`, `datum_registracije`, `status_blokade`, `broj_neuspjesnih_prijava`, `id_uloga`) VALUES(44, 'Tetabov', 'testerBarka', 'tetabbba', 'tetabov565@revutap.com', 'test1', '1b4f0e9851971998e732078544c96b36c3d01cedf7caa332359d6f1d83567014', NULL, '2021-06-03 12:29:39', NULL, NULL, 3);
INSERT INTO `korisnik` (`id_korisnik`, `ime`, `prezime`, `korisnicko_ime`, `email`, `lozinka_citljiva`, `lozinka_sha256`, `uvjeti`, `datum_registracije`, `status_blokade`, `broj_neuspjesnih_prijava`, `id_uloga`) VALUES(45, 'Nzk', 'Pcidor', 'nzkpcidor', 'nzkpcidorlclc@logicstreak.com', 'test1', '1b4f0e9851971998e732078544c96b36c3d01cedf7caa332359d6f1d83567014', '2021-06-03 12:59:11', '2021-06-03 12:41:26', NULL, NULL, 3);
INSERT INTO `korisnik` (`id_korisnik`, `ime`, `prezime`, `korisnicko_ime`, `email`, `lozinka_citljiva`, `lozinka_sha256`, `uvjeti`, `datum_registracije`, `status_blokade`, `broj_neuspjesnih_prijava`, `id_uloga`) VALUES(51, 'Džemo', 'Džemić', 'dzemo', 'Houry1978@teleworm.us', 'abcdef1', 'ac9f830ae6cf2299ba293dd4cec3be0d87a88e6a8fbfe5015de6fffd11d79b6e', '2021-06-04 00:08:43', '2021-06-04 00:06:11', NULL, NULL, 3);
INSERT INTO `korisnik` (`id_korisnik`, `ime`, `prezime`, `korisnicko_ime`, `email`, `lozinka_citljiva`, `lozinka_sha256`, `uvjeti`, `datum_registracije`, `status_blokade`, `broj_neuspjesnih_prijava`, `id_uloga`) VALUES(52, 'mmatijevi', 'mmatijevi', 'mmatijevi2', 'mmatijevi@mmatijevi.c', 'mmatijevi12', '4899c4c5cb257bb391426d00795e6b4e850a28b8bfed0225ffdf0521eb658f16', NULL, '2021-06-04 00:26:23', NULL, NULL, 3);
INSERT INTO `korisnik` (`id_korisnik`, `ime`, `prezime`, `korisnicko_ime`, `email`, `lozinka_citljiva`, `lozinka_sha256`, `uvjeti`, `datum_registracije`, `status_blokade`, `broj_neuspjesnih_prijava`, `id_uloga`) VALUES(53, 'Geafg', 'Aefqafegi', 'geafgaef', 'gvictor.brandama@freeallapp.com', 'test1', '1b4f0e9851971998e732078544c96b36c3d01cedf7caa332359d6f1d83567014', NULL, '2021-06-04 22:45:49', NULL, NULL, 3);
INSERT INTO `korisnik` (`id_korisnik`, `ime`, `prezime`, `korisnicko_ime`, `email`, `lozinka_citljiva`, `lozinka_sha256`, `uvjeti`, `datum_registracije`, `status_blokade`, `broj_neuspjesnih_prijava`, `id_uloga`) VALUES(54, 'Geafg', 'Aefqafegi', 'geafgaef1', 'gvictor.brandama@freeallapp.com', 'test1', '1b4f0e9851971998e732078544c96b36c3d01cedf7caa332359d6f1d83567014', NULL, '2021-06-04 22:52:37', NULL, NULL, 3);
INSERT INTO `korisnik` (`id_korisnik`, `ime`, `prezime`, `korisnicko_ime`, `email`, `lozinka_citljiva`, `lozinka_sha256`, `uvjeti`, `datum_registracije`, `status_blokade`, `broj_neuspjesnih_prijava`, `id_uloga`) VALUES(55, 'Geafg', 'Aefqafegi', 'geafgaef2', 'gvictor.brandama@freeallapp.com', 'gedo2', '12bc793ead463efa41aa62fe117be35da4526ce2f89323a3b5bdb195c31a67b7', '2021-06-04 23:16:02', '2021-06-04 23:00:59', 1, NULL, 3);
INSERT INTO `korisnik` (`id_korisnik`, `ime`, `prezime`, `korisnicko_ime`, `email`, `lozinka_citljiva`, `lozinka_sha256`, `uvjeti`, `datum_registracije`, `status_blokade`, `broj_neuspjesnih_prijava`, `id_uloga`) VALUES(56, 'Mislav', 'Matijevi', 'mmatijevi3', 'tetabov565@revutap.com', 'test1', '1b4f0e9851971998e732078544c96b36c3d01cedf7caa332359d6f1d83567014', '2021-06-06 15:33:41', '2021-06-06 15:33:26', NULL, NULL, 3);
INSERT INTO `korisnik` (`id_korisnik`, `ime`, `prezime`, `korisnicko_ime`, `email`, `lozinka_citljiva`, `lozinka_sha256`, `uvjeti`, `datum_registracije`, `status_blokade`, `broj_neuspjesnih_prijava`, `id_uloga`) VALUES(57, 'a', 'b', 'cde', 'mg4@fssa2.hr', 'test1', '1b4f0e9851971998e732078544c96b36c3d01cedf7caa332359d6f1d83567014', NULL, '2021-06-06 15:36:24', NULL, NULL, 3);
INSERT INTO `korisnik` (`id_korisnik`, `ime`, `prezime`, `korisnicko_ime`, `email`, `lozinka_citljiva`, `lozinka_sha256`, `uvjeti`, `datum_registracije`, `status_blokade`, `broj_neuspjesnih_prijava`, `id_uloga`) VALUES(60, 'Šećo', 'Bežćo', 'Hicarrim80', 'Hicarrim80@fleckens.hu', 'test\' OR 1=1--', 'cfaec4e14f2557f7d24cbc109c68e467e1d7c3e059fc4131799d278a4ea0bdad', '2021-06-06 18:23:32', '2021-06-06 18:22:50', NULL, NULL, 3);
INSERT INTO `korisnik` (`id_korisnik`, `ime`, `prezime`, `korisnicko_ime`, `email`, `lozinka_citljiva`, `lozinka_sha256`, `uvjeti`, `datum_registracije`, `status_blokade`, `broj_neuspjesnih_prijava`, `id_uloga`) VALUES(61, '<script>alert()</script>', '<script>alert("XSS FTW")</script>', '<br>', 'Lith1955@dayrep.com', 'hakerčina1', '44a7b40e4a2cb4a510b82636657c9fa1a8f9ba349dfcc2bf3154ec7d0226c59e', NULL, '2021-06-07 20:46:50', NULL, NULL, 3);
INSERT INTO `korisnik` (`id_korisnik`, `ime`, `prezime`, `korisnicko_ime`, `email`, `lozinka_citljiva`, `lozinka_sha256`, `uvjeti`, `datum_registracije`, `status_blokade`, `broj_neuspjesnih_prijava`, `id_uloga`) VALUES(62, '&lt;script&gt;alert()&lt;', '&lt;script&gt;alert(', '&lt;br&gt;', 'Lith1955@dayrep.com', 'hakerčina1', '44a7b40e4a2cb4a510b82636657c9fa1a8f9ba349dfcc2bf3154ec7d0226c59e', NULL, '2021-06-07 20:59:39', NULL, NULL, 3);

TRUNCATE TABLE `javni_poziv`;
INSERT INTO `javni_poziv` (`id_javni_poziv`, `naziv`, `opis`, `datum_otvaranja`, `skupljeno_sredstava`, `datum_zatvaranja`, `id_odgovorna_osoba`, `id_kategorija_stete`) VALUES(1, 'Subvencija za nedavnu oluju', 'Nedavna oluja nanijela je mnogim našim građanima velike štete. Vjetar, gromovi, sve to nanosi materijalne štete.\r\n\r\nPomozite sugrađanima popraviti te štete!', '2021-04-10 03:15:18', 3501, '2021-04-13 17:50:50',  1, 1);
INSERT INTO `javni_poziv` (`id_javni_poziv`, `naziv`, `opis`, `datum_otvaranja`, `skupljeno_sredstava`, `datum_zatvaranja`, `id_odgovorna_osoba`, `id_kategorija_stete`) VALUES(2, 'Pomoć žrtvama poplave', 'Nedavna poplava nanijela je velike materijalne štete našim sugrađanima. Pomozite im!', '2021-03-31 20:00:00', 4215.5, '2021-09-30 20:00:00',  3, 2);
INSERT INTO `javni_poziv` (`id_javni_poziv`, `naziv`, `opis`, `datum_otvaranja`, `skupljeno_sredstava`, `datum_zatvaranja`, `id_odgovorna_osoba`, `id_kategorija_stete`) VALUES(3, 'Potres, prvi javni natječaj', 'Ovo je prvi javni natječaj za žrtve potresa!', '2021-04-01 20:00:00', 3500, '2021-04-08 20:00:00',  3, 4);
INSERT INTO `javni_poziv` (`id_javni_poziv`, `naziv`, `opis`, `datum_otvaranja`, `skupljeno_sredstava`, `datum_zatvaranja`, `id_odgovorna_osoba`, `id_kategorija_stete`) VALUES(4, 'Potres, drugi javni natječaj', 'Ovo je drugi javni natječaj za žrtve potresa! Pomozite im jer im je potrebno!', '2021-04-11 20:00:00', 1225.25, '2021-12-31 20:00:00',  2, 4);
INSERT INTO `javni_poziv` (`id_javni_poziv`, `naziv`, `opis`, `datum_otvaranja`, `skupljeno_sredstava`, `datum_zatvaranja`, `id_odgovorna_osoba`, `id_kategorija_stete`) VALUES(5, 'Krađe', 'Nedavno su naši sugrađani bili izloženi stravičnim pljačkama. Pomozite im nadomjesititi ukradenu imovinu dok policija ne odradi svoj posao.', '2021-04-09 20:00:00', 753.65, '2022-1-15 20:00:00',  3, 5);
INSERT INTO `javni_poziv` (`id_javni_poziv`, `naziv`, `opis`, `datum_otvaranja`, `skupljeno_sredstava`, `datum_zatvaranja`, `id_odgovorna_osoba`, `id_kategorija_stete`) VALUES(6, 'Pomoć za ratna stradanja', 'Neki naši sugrađani još izlaze na kraj s ratnim razaranjima. Ovo je prilika da im pomognete do 13. travnja 2021.', '2021-04-10 08:00:00', 7500, '2021-08-12 20:00:00',  1, 6);

TRUNCATE TABLE `moderator_kategorije`;
INSERT INTO `moderator_kategorije` (`id_moderator`, `id_kategorija_stete`) VALUES(1, 1);
INSERT INTO `moderator_kategorije` (`id_moderator`, `id_kategorija_stete`) VALUES(3, 2);
INSERT INTO `moderator_kategorije` (`id_moderator`, `id_kategorija_stete`) VALUES(2, 4);
INSERT INTO `moderator_kategorije` (`id_moderator`, `id_kategorija_stete`) VALUES(3, 4);
INSERT INTO `moderator_kategorije` (`id_moderator`, `id_kategorija_stete`) VALUES(3, 5);
INSERT INTO `moderator_kategorije` (`id_moderator`, `id_kategorija_stete`) VALUES(1, 6);

TRUNCATE TABLE `steta`;
INSERT INTO `steta` (`id_steta`, `naziv`, `opis`, `oznake`, `datum_prijave`, `datum_potvrde`, `subvencija_hrk`, `id_status_stete`, `id_kategorija_stete`, `id_prijavitelj`, `id_javni_poziv`) VALUES(1, 'Poplava', 'Poplava uništila kuću, molim pomoć.', 'poplava pomoć', '2021-05-23 15:41:05', '2021-12-12 22:12:12', NULL, 2, 2, 1, 1);
INSERT INTO `steta` (`id_steta`, `naziv`, `opis`, `oznake`, `datum_prijave`, `datum_potvrde`, `subvencija_hrk`, `id_status_stete`, `id_kategorija_stete`, `id_prijavitelj`, `id_javni_poziv`) VALUES(2, 'Požar', 'Vatra uništila kuću, hitno trebamo krov nad glavom! Ovo je postalo nesnošljivo. Trebamo hitno pomoć!', 'vatra vruće', '2021-05-23 19:38:41', '2021-12-12 13:14:14', NULL, 2, 3, 1, 3);
INSERT INTO `steta` (`id_steta`, `naziv`, `opis`, `oznake`, `datum_prijave`, `datum_potvrde`, `subvencija_hrk`, `id_status_stete`, `id_kategorija_stete`, `id_prijavitelj`, `id_javni_poziv`) VALUES(23, 'Oluja', 'Grom udario u stog sijena, izgorijela štala. Hitno trebam financijsku pomoć!', 'grom sijeno', '2021-05-23 19:40:35', NULL, NULL, 1, 1, 1, 1);
INSERT INTO `steta` (`id_steta`, `naziv`, `opis`, `oznake`, `datum_prijave`, `datum_potvrde`, `subvencija_hrk`, `id_status_stete`, `id_kategorija_stete`, `id_prijavitelj`, `id_javni_poziv`) VALUES(24, 'Potres', 'Potres uništio staru kuću iz 70-ih. Sve je nestalo!', 'hitno trese pomozite', '2021-05-23 19:41:37', NULL, NULL, 1, 4, 1, 4);
INSERT INTO `steta` (`id_steta`, `naziv`, `opis`, `oznake`, `datum_prijave`, `datum_potvrde`, `subvencija_hrk`, `id_status_stete`, `id_kategorija_stete`, `id_prijavitelj`, `id_javni_poziv`) VALUES(25, 'Krađa', 'Lopovi ukrali preko noći novi Samsung TV. Ne znam što mi je činiti...', 'lopovi majkuim', '2021-05-23 19:43:09', NULL, NULL, 1, 5, 1, 5);
INSERT INTO `steta` (`id_steta`, `naziv`, `opis`, `oznake`, `datum_prijave`, `datum_potvrde`, `subvencija_hrk`, `id_status_stete`, `id_kategorija_stete`, `id_prijavitelj`, `id_javni_poziv`) VALUES(26, 'Požar jaoo', 'Vatra uništila kuću, hitno trebamo krov nad glavom!!!', 'vatra', '2021-05-23 20:28:19', NULL, NULL, 1, 2, 1, 2);
INSERT INTO `steta` (`id_steta`, `naziv`, `opis`, `oznake`, `datum_prijave`, `datum_potvrde`, `subvencija_hrk`, `id_status_stete`, `id_kategorija_stete`, `id_prijavitelj`, `id_javni_poziv`) VALUES(27, 'Poplava', 'Lopovi ukrali preko noći novi Samsung TV.', 'voda poplava', '2021-05-23 20:37:16', '2021-05-13 15:30:00', NULL, 2, 2, 1, 2);
INSERT INTO `steta` (`id_steta`, `naziv`, `opis`, `oznake`, `datum_prijave`, `datum_potvrde`, `subvencija_hrk`, `id_status_stete`, `id_kategorija_stete`, `id_prijavitelj`, `id_javni_poziv`) VALUES(28, 'Poplava 2', 'Ovo je druga poplava za redom, prilažem sliku! Molim pomoć. Utopit ćemo se. aaaaaaa', 'poplava', '2021-05-24 16:50:14', '2021-12-31 10:15:15', NULL, 2, 2, 1, 2);
INSERT INTO `steta` (`id_steta`, `naziv`, `opis`, `oznake`, `datum_prijave`, `datum_potvrde`, `subvencija_hrk`, `id_status_stete`, `id_kategorija_stete`, `id_prijavitelj`, `id_javni_poziv`) VALUES(29, 'Poplava 3', 'Jao voda nas pobi. Jao pomoć. Topim se. jaoo *gulp*  *gulp*', 'poplava', '2021-05-24 16:50:45', '2021-05-24 07:15:15', NULL, 3, 2, 1, 2);
INSERT INTO `steta` (`id_steta`, `naziv`, `opis`, `oznake`, `datum_prijave`, `datum_potvrde`, `subvencija_hrk`, `id_status_stete`, `id_kategorija_stete`, `id_prijavitelj`, `id_javni_poziv`) VALUES(30, 'Požar 2', 'Izgorjela kuća. Molim pomoć...', 'gori vatra jao meni', '2021-05-24 19:22:08', '2021-01-01 22:01:01', NULL, 2, 3, 2, 3);
INSERT INTO `steta` (`id_steta`, `naziv`, `opis`, `oznake`, `datum_prijave`, `datum_potvrde`, `subvencija_hrk`, `id_status_stete`, `id_kategorija_stete`, `id_prijavitelj`, `id_javni_poziv`) VALUES(31, 'Stravična krađa', 'Teške lopuže! Ukrali mi TV...', 'lopuže', '2021-05-24 20:34:27', '2021-12-31 22:23:23', NULL, 2, 1, 1, 1);

TRUNCATE TABLE `donacije`;
INSERT INTO `donacije` (`id_donacije`, `iznos`, `id_donator`, `id_steta`) VALUES(1, 345.25, 3, 1);
INSERT INTO `donacije` (`id_donacije`, `iznos`, `id_donator`, `id_steta`) VALUES(2, 25, 4, 2);
INSERT INTO `donacije` (`id_donacije`, `iznos`, `id_donator`, `id_steta`) VALUES(3, 650, 1, 1);
INSERT INTO `donacije` (`id_donacije`, `iznos`, `id_donator`, `id_steta`) VALUES(4, 1250, 5, 2);
INSERT INTO `donacije` (`id_donacije`, `iznos`, `id_donator`, `id_steta`) VALUES(5, 110.5, 6, 1);

TRUNCATE TABLE `steta_dokazi`;
INSERT INTO `steta_dokazi` (`id_steta`, `id_materijala`) VALUES(1, 1);
INSERT INTO `steta_dokazi` (`id_steta`, `id_materijala`) VALUES(2, 2);
INSERT INTO `steta_dokazi` (`id_steta`, `id_materijala`) VALUES(23, 27);
INSERT INTO `steta_dokazi` (`id_steta`, `id_materijala`) VALUES(24, 28);
INSERT INTO `steta_dokazi` (`id_steta`, `id_materijala`) VALUES(25, 29);
INSERT INTO `steta_dokazi` (`id_steta`, `id_materijala`) VALUES(26, 30);
INSERT INTO `steta_dokazi` (`id_steta`, `id_materijala`) VALUES(27, 31);
INSERT INTO `steta_dokazi` (`id_steta`, `id_materijala`) VALUES(28, 32);
INSERT INTO `steta_dokazi` (`id_steta`, `id_materijala`) VALUES(29, 33);
INSERT INTO `steta_dokazi` (`id_steta`, `id_materijala`) VALUES(30, 34);
INSERT INTO `steta_dokazi` (`id_steta`, `id_materijala`) VALUES(31, 35);

COMMIT;